Workbook

Sheet DANH MỤC TK
A2: DANH MỤC TÀI KHOẢN KẾ TOÁN (TT 133)
A3: Bảng danh mục tài khoản chuẩn dùng để tra cứu và làm Data Validation
A5: Số TK | B5: Tên Tài Khoản | C5: Loại TK | D5: Tính Chất
A6: 111 | B6: Tiền mặt | C6: Tài sản | D6: Nợ
A7: 112 | B7: Tiền gửi Ngân hàng | C7: Tài sản | D7: Nợ
A8: 131 | B8: Phải thu của khách hàng | C8: Tài sản | D8: Lưỡng tính
A9: 152 | B9: Nguyên liệu, vật liệu | C9: Tài sản | D9: Nợ
A10: 156 | B10: Hàng hóa | C10: Tài sản | D10: Nợ
A11: 211 | B11: Tài sản cố định hữu hình | C11: Tài sản | D11: Nợ
A12: 331 | B12: Phải trả cho người bán | C12: Nợ phải trả | D12: Lưỡng tính
A13: 333 | B13: Thuế và các khoản nộp Nhà nước | C13: Nợ phải trả | D13: Lưỡng tính
A14: 411 | B14: Vốn đầu tư của chủ sở hữu | C14: Vốn chủ sở hữu | D14: Có
A15: 511 | B15: Doanh thu bán hàng và cung cấp dịch vụ | C15: Doanh thu | D15: Có
A16: 632 | B16: Giá vốn hàng bán | C16: Chi phí | D16: Nợ
... A19: 911 | B19: Xác định kết quả kinh doanh | C19: Trung gian | D19: Lưỡng tính

Sheet NHẬT KÝ CHUNG
A2: SỔ NHẬT KÝ CHUNG
A3: Ghi nhận tất cả các nghiệp vụ kinh tế phát sinh theo thời gian
A5: Ngày CT | B5: Số CT | C5: Diễn Giải | D5: TK Nợ | E5: TK Có | F5: Số Tiền | G5: Tên TK Nợ | H5: Tên TK Có
A6: 24/07/2026 | B6: FT26205385988183 | C6: Chủ sở hữu góp vốn điều lệ vào tài khoản ngân hàng | D6: 112 | E6: 411 | F6: 50000000 | G6: =IFERROR(VLOOKUP(D6, 'DANH MỤC TK'!$A$6:$B$100, 2, FALSE), "") -> Tiền gửi Ngân hàng | H6: =IFERROR(VLOOKUP(E6, 'DANH MỤC TK'!$A$6:$B$100, 2, FALSE), "") -> Vốn đầu tư của chủ sở hữu
A7: 24/07/2026 | B7: FT26205007714800 | C7: Thanh toán chi phí thiết kế cho đối tác | D7: 642 | E7: 112 | F7: 4900000 | G7: =IFERROR(VLOOKUP(D7, 'DANH MỤC TK'!$A$6:$B$100, 2, FALSE), "") -> Chi phí quản lý kinh doanh | H7: =IFERROR(VLOOKUP(E7, 'DANH MỤC TK'!$A$6:$B$100, 2, FALSE), "") -> Tiền gửi Ngân hàng
A8: 29/07/2026 | B8: FT26210552110060 | C8: Chủ sở hữu góp vốn điều lệ vào tài khoản ngân hàng | D8: 112 | E8: 411 | F8: 300000000 | G8: =IFERROR(VLOOKUP(D8, 'DANH MỤC TK'!$A$6:$B$100, 2, FALSE), "") -> Tiền gửi Ngân hàng | H8: =IFERROR(VLOOKUP(E8, 'DANH MỤC TK'!$A$6:$B$100, 2, FALSE), "") -> Vốn đầu tư của chủ sở hữu
A9: 29/07/2026 | B9: FT26210920036908 | C9: Chủ sở hữu góp vốn điều lệ vào tài khoản ngân hàng | D9: 112 | E9: 411 | F9: 350000000 | G9: =IFERROR(VLOOKUP(D9, 'DANH MỤC TK'!$A$6:$B$100, 2, FALSE), "") -> Tiền gửi Ngân hàng | H9: =IFERROR(VLOOKUP(E9, 'DANH MỤC TK'!$A$6:$B$100, 2, FALSE), "") -> Vốn đầu tư của chủ sở hữu
A10: 29/07/2026 | B10: FT26210945141823 | C10: Chủ sở hữu góp vốn điều lệ vào tài khoản ngân hàng | D10: 112 | E10: 411 | F10: 300000000 | G10: =IFERROR(VLOOKUP(D10, 'DANH MỤC TK'!$A$6:$B$100, 2, FALSE), "") -> Tiền gửi Ngân hàng | H10: =IFERROR(VLOOKUP(E10, 'DANH MỤC TK'!$A$6:$B$100, 2, FALSE), "") -> Vốn đầu tư của chủ sở hữu
G11: =IFERROR(VLOOKUP(D11, 'DANH MỤC TK'!$A$6:$B$100, 2, FALSE), "") | H11: =IFERROR(VLOOKUP(E11, 'DANH MỤC TK'!$A$6:$B$100, 2, FALSE), "")
G12: =IFERROR(VLOOKUP(D12, 'DANH MỤC TK'!$A$6:$B$100, 2, FALSE), "") | H12: =IFERROR(VLOOKUP(E12, 'DANH MỤC TK'!$A$6:$B$100, 2, FALSE), "")
G13: =IFERROR(VLOOKUP(D13, 'DANH MỤC TK'!$A$6:$B$100, 2, FALSE), "") | H13: =IFERROR(VLOOKUP(E13, 'DANH MỤC TK'!$A$6:$B$100, 2, FALSE), "")
G14: =IFERROR(VLOOKUP(D14, 'DANH MỤC TK'!$A$6:$B$100, 2, FALSE), "") | H14: =IFERROR(VLOOKUP(E14, 'DANH MỤC TK'!$A$6:$B$100, 2, FALSE), "")
G15: =IFERROR(VLOOKUP(D15, 'DANH MỤC TK'!$A$6:$B$100, 2, FALSE), "") | H15: =IFERROR(VLOOKUP(E15, 'DANH MỤC TK'!$A$6:$B$100, 2, FALSE), "")
G16: =IFERROR(VLOOKUP(D16, 'DANH MỤC TK'!$A$6:$B$100, 2, FALSE), "") | H16: =IFERROR(VLOOKUP(E16, 'DANH MỤC TK'!$A$6:$B$100, 2, FALSE), "")
G17: =IFERROR(VLOOKUP(D17, 'DANH MỤC TK'!$A$6:$B$100, 2, FALSE), "") | H17: =IFERROR(VLOOKUP(E17, 'DANH MỤC TK'!$A$6:$B$100, 2, FALSE), "")
G18: =IFERROR(VLOOKUP(D18, 'DANH MỤC TK'!$A$6:$B$100, 2, FALSE), "") | H18: =IFERROR(VLOOKUP(E18, 'DANH MỤC TK'!$A$6:$B$100, 2, FALSE), "")
G19: =IFERROR(VLOOKUP(D19, 'DANH MỤC TK'!$A$6:$B$100, 2, FALSE), "") | H19: =IFERROR(VLOOKUP(E19, 'DANH MỤC TK'!$A$6:$B$100, 2, FALSE), "")
G20: =IFERROR(VLOOKUP(D20, 'DANH MỤC TK'!$A$6:$B$100, 2, FALSE), "") | H20: =IFERROR(VLOOKUP(E20, 'DANH MỤC TK'!$A$6:$B$100, 2, FALSE), "")
G21: =IFERROR(VLOOKUP(D21, 'DANH MỤC TK'!$A$6:$B$100, 2, FALSE), "") | H21: =IFERROR(VLOOKUP(E21, 'DANH MỤC TK'!$A$6:$B$100, 2, FALSE), "")
G22: =IFERROR(VLOOKUP(D22, 'DANH MỤC TK'!$A$6:$B$100, 2, FALSE), "") | H22: =IFERROR(VLOOKUP(E22, 'DANH MỤC TK'!$A$6:$B$100, 2, FALSE), "")
... G35: =IFERROR(VLOOKUP(D35, 'DANH MỤC TK'!$A$6:$B$100, 2, FALSE), "") | H35: =IFERROR(VLOOKUP(E35, 'DANH MỤC TK'!$A$6:$B$100, 2, FALSE), "")
C36: TỔNG CỘNG PHÁT SINH | F36: =SUM(F6:F35) -> 1004900000

Sheet SỔ CÁI
A2: SỔ CÁI TÀI KHOẢN
A4: Chọn Số Tài Khoản: | B4: 112 | C4: =IFERROR("Tên TK: " & VLOOKUP(B4, 'DANH MỤC TK'!$A$6:$B$100, 2, FALSE), "") -> Tên TK: Tiền gửi Ngân hàng
A6: Ngày CT | B6: Số CT | C6: Diễn Giải TK | D6: TK Đối Ứng | E6: Phát Sinh Nợ | F6: Phát Sinh Có
A7: =IF(OR('NHẬT KÝ CHUNG'!D6=$B$4, 'NHẬT KÝ CHUNG'!E6=$B$4), 'NHẬT KÝ CHUNG'!A6, "") -> 24/07/2026 | B7: =IF(OR('NHẬT KÝ CHUNG'!D6=$B$4, 'NHẬT KÝ CHUNG'!E6=$B$4), 'NHẬT KÝ CHUNG'!B6, "") -> FT26205385988183 | C7: =IF(OR('NHẬT KÝ CHUNG'!D6=$B$4, 'NHẬT KÝ CHUNG'!E6=$B$4), 'NHẬT KÝ CHUNG'!C6, "") -> Chủ sở hữu góp vốn điều lệ vào tài khoản ngân hàng | D7: =IF('NHẬT KÝ CHUNG'!D6=$B$4, 'NHẬT KÝ CHUNG'!E6, IF('NHẬT KÝ CHUNG'!E6=$B$4, 'NHẬT KÝ CHUNG'!D6, "")) -> 411 | E7: =IF('NHẬT KÝ CHUNG'!D6=$B$4, 'NHẬT KÝ CHUNG'!F6, 0) -> 50000000 | F7: =IF('NHẬT KÝ CHUNG'!E6=$B$4, 'NHẬT KÝ CHUNG'!F6, 0) -> 0
A8: =IF(OR('NHẬT KÝ CHUNG'!D7=$B$4, 'NHẬT KÝ CHUNG'!E7=$B$4), 'NHẬT KÝ CHUNG'!A7, "") -> 24/07/2026 | B8: =IF(OR('NHẬT KÝ CHUNG'!D7=$B$4, 'NHẬT KÝ CHUNG'!E7=$B$4), 'NHẬT KÝ CHUNG'!B7, "") -> FT26205007714800 | C8: =IF(OR('NHẬT KÝ CHUNG'!D7=$B$4, 'NHẬT KÝ CHUNG'!E7=$B$4), 'NHẬT KÝ CHUNG'!C7, "") -> Thanh toán chi phí thiết kế cho đối tác | D8: =IF('NHẬT KÝ CHUNG'!D7=$B$4, 'NHẬT KÝ CHUNG'!E7, IF('NHẬT KÝ CHUNG'!E7=$B$4, 'NHẬT KÝ CHUNG'!D7, "")) -> 642 | E8: =IF('NHẬT KÝ CHUNG'!D7=$B$4, 'NHẬT KÝ CHUNG'!F7, 0) -> 0 | F8: =IF('NHẬT KÝ CHUNG'!E7=$B$4, 'NHẬT KÝ CHUNG'!F7, 0) -> 4900000
A9: =IF(OR('NHẬT KÝ CHUNG'!D8=$B$4, 'NHẬT KÝ CHUNG'!E8=$B$4), 'NHẬT KÝ CHUNG'!A8, "") -> 29/07/2026 | B9: =IF(OR('NHẬT KÝ CHUNG'!D8=$B$4, 'NHẬT KÝ CHUNG'!E8=$B$4), 'NHẬT KÝ CHUNG'!B8, "") -> FT26210552110060 | C9: =IF(OR('NHẬT KÝ CHUNG'!D8=$B$4, 'NHẬT KÝ CHUNG'!E8=$B$4), 'NHẬT KÝ CHUNG'!C8, "") -> Chủ sở hữu góp vốn điều lệ vào tài khoản ngân hàng | D9: =IF('NHẬT KÝ CHUNG'!D8=$B$4, 'NHẬT KÝ CHUNG'!E8, IF('NHẬT KÝ CHUNG'!E8=$B$4, 'NHẬT KÝ CHUNG'!D8, "")) -> 411 | E9: =IF('NHẬT KÝ CHUNG'!D8=$B$4, 'NHẬT KÝ CHUNG'!F8, 0) -> 300000000 | F9: =IF('NHẬT KÝ CHUNG'!E8=$B$4, 'NHẬT KÝ CHUNG'!F8, 0) -> 0
A10: =IF(OR('NHẬT KÝ CHUNG'!D9=$B$4, 'NHẬT KÝ CHUNG'!E9=$B$4), 'NHẬT KÝ CHUNG'!A9, "") -> 29/07/2026 | B10: =IF(OR('NHẬT KÝ CHUNG'!D9=$B$4, 'NHẬT KÝ CHUNG'!E9=$B$4), 'NHẬT KÝ CHUNG'!B9, "") -> FT26210920036908 | C10: =IF(OR('NHẬT KÝ CHUNG'!D9=$B$4, 'NHẬT KÝ CHUNG'!E9=$B$4), 'NHẬT KÝ CHUNG'!C9, "") -> Chủ sở hữu góp vốn điều lệ vào tài khoản ngân hàng | D10: =IF('NHẬT KÝ CHUNG'!D9=$B$4, 'NHẬT KÝ CHUNG'!E9, IF('NHẬT KÝ CHUNG'!E9=$B$4, 'NHẬT KÝ CHUNG'!D9, "")) -> 411 | E10: =IF('NHẬT KÝ CHUNG'!D9=$B$4, 'NHẬT KÝ CHUNG'!F9, 0) -> 350000000 | F10: =IF('NHẬT KÝ CHUNG'!E9=$B$4, 'NHẬT KÝ CHUNG'!F9, 0) -> 0
A11: =IF(OR('NHẬT KÝ CHUNG'!D10=$B$4, 'NHẬT KÝ CHUNG'!E10=$B$4), 'NHẬT KÝ CHUNG'!A10, "") -> 29/07/2026 | B11: =IF(OR('NHẬT KÝ CHUNG'!D10=$B$4, 'NHẬT KÝ CHUNG'!E10=$B$4), 'NHẬT KÝ CHUNG'!B10, "") -> FT26210945141823 | C11: =IF(OR('NHẬT KÝ CHUNG'!D10=$B$4, 'NHẬT KÝ CHUNG'!E10=$B$4), 'NHẬT KÝ CHUNG'!C10, "") -> Chủ sở hữu góp vốn điều lệ vào tài khoản ngân hàng | D11: =IF('NHẬT KÝ CHUNG'!D10=$B$4, 'NHẬT KÝ CHUNG'!E10, IF('NHẬT KÝ CHUNG'!E10=$B$4, 'NHẬT KÝ CHUNG'!D10, "")) -> 411 | E11: =IF('NHẬT KÝ CHUNG'!D10=$B$4, 'NHẬT KÝ CHUNG'!F10, 0) -> 300000000 | F11: =IF('NHẬT KÝ CHUNG'!E10=$B$4, 'NHẬT KÝ CHUNG'!F10, 0) -> 0
A12: =IF(OR('NHẬT KÝ CHUNG'!D11=$B$4, 'NHẬT KÝ CHUNG'!E11=$B$4), 'NHẬT KÝ CHUNG'!A11, "") | B12: =IF(OR('NHẬT KÝ CHUNG'!D11=$B$4, 'NHẬT KÝ CHUNG'!E11=$B$4), 'NHẬT KÝ CHUNG'!B11, "") | C12: =IF(OR('NHẬT KÝ CHUNG'!D11=$B$4, 'NHẬT KÝ CHUNG'!E11=$B$4), 'NHẬT KÝ CHUNG'!C11, "") | D12: =IF('NHẬT KÝ CHUNG'!D11=$B$4, 'NHẬT KÝ CHUNG'!E11, IF('NHẬT KÝ CHUNG'!E11=$B$4, 'NHẬT KÝ CHUNG'!D11, "")) | E12: =IF('NHẬT KÝ CHUNG'!D11=$B$4, 'NHẬT KÝ CHUNG'!F11, 0) -> 0 | F12: =IF('NHẬT KÝ CHUNG'!E11=$B$4, 'NHẬT KÝ CHUNG'!F11, 0) -> 0
A13: =IF(OR('NHẬT KÝ CHUNG'!D12=$B$4, 'NHẬT KÝ CHUNG'!E12=$B$4), 'NHẬT KÝ CHUNG'!A12, "") | B13: =IF(OR('NHẬT KÝ CHUNG'!D12=$B$4, 'NHẬT KÝ CHUNG'!E12=$B$4), 'NHẬT KÝ CHUNG'!B12, "") | C13: =IF(OR('NHẬT KÝ CHUNG'!D12=$B$4, 'NHẬT KÝ CHUNG'!E12=$B$4), 'NHẬT KÝ CHUNG'!C12, "") | D13: =IF('NHẬT KÝ CHUNG'!D12=$B$4, 'NHẬT KÝ CHUNG'!E12, IF('NHẬT KÝ CHUNG'!E12=$B$4, 'NHẬT KÝ CHUNG'!D12, "")) | E13: =IF('NHẬT KÝ CHUNG'!D12=$B$4, 'NHẬT KÝ CHUNG'!F12, 0) -> 0 | F13: =IF('NHẬT KÝ CHUNG'!E12=$B$4, 'NHẬT KÝ CHUNG'!F12, 0) -> 0
A14: =IF(OR('NHẬT KÝ CHUNG'!D13=$B$4, 'NHẬT KÝ CHUNG'!E13=$B$4), 'NHẬT KÝ CHUNG'!A13, "") | B14: =IF(OR('NHẬT KÝ CHUNG'!D13=$B$4, 'NHẬT KÝ CHUNG'!E13=$B$4), 'NHẬT KÝ CHUNG'!B13, "") | C14: =IF(OR('NHẬT KÝ CHUNG'!D13=$B$4, 'NHẬT KÝ CHUNG'!E13=$B$4), 'NHẬT KÝ CHUNG'!C13, "") | D14: =IF('NHẬT KÝ CHUNG'!D13=$B$4, 'NHẬT KÝ CHUNG'!E13, IF('NHẬT KÝ CHUNG'!E13=$B$4, 'NHẬT KÝ CHUNG'!D13, "")) | E14: =IF('NHẬT KÝ CHUNG'!D13=$B$4, 'NHẬT KÝ CHUNG'!F13, 0) -> 0 | F14: =IF('NHẬT KÝ CHUNG'!E13=$B$4, 'NHẬT KÝ CHUNG'!F13, 0) -> 0
A15: =IF(OR('NHẬT KÝ CHUNG'!D14=$B$4, 'NHẬT KÝ CHUNG'!E14=$B$4), 'NHẬT KÝ CHUNG'!A14, "") | B15: =IF(OR('NHẬT KÝ CHUNG'!D14=$B$4, 'NHẬT KÝ CHUNG'!E14=$B$4), 'NHẬT KÝ CHUNG'!B14, "") | C15: =IF(OR('NHẬT KÝ CHUNG'!D14=$B$4, 'NHẬT KÝ CHUNG'!E14=$B$4), 'NHẬT KÝ CHUNG'!C14, "") | D15: =IF('NHẬT KÝ CHUNG'!D14=$B$4, 'NHẬT KÝ CHUNG'!E14, IF('NHẬT KÝ CHUNG'!E14=$B$4, 'NHẬT KÝ CHUNG'!D14, "")) | E15: =IF('NHẬT KÝ CHUNG'!D14=$B$4, 'NHẬT KÝ CHUNG'!F14, 0) -> 0 | F15: =IF('NHẬT KÝ CHUNG'!E14=$B$4, 'NHẬT KÝ CHUNG'!F14, 0) -> 0
A16: =IF(OR('NHẬT KÝ CHUNG'!D15=$B$4, 'NHẬT KÝ CHUNG'!E15=$B$4), 'NHẬT KÝ CHUNG'!A15, "") | B16: =IF(OR('NHẬT KÝ CHUNG'!D15=$B$4, 'NHẬT KÝ CHUNG'!E15=$B$4), 'NHẬT KÝ CHUNG'!B15, "") | C16: =IF(OR('NHẬT KÝ CHUNG'!D15=$B$4, 'NHẬT KÝ CHUNG'!E15=$B$4), 'NHẬT KÝ CHUNG'!C15, "") | D16: =IF('NHẬT KÝ CHUNG'!D15=$B$4, 'NHẬT KÝ CHUNG'!E15, IF('NHẬT KÝ CHUNG'!E15=$B$4, 'NHẬT KÝ CHUNG'!D15, "")) | E16: =IF('NHẬT KÝ CHUNG'!D15=$B$4, 'NHẬT KÝ CHUNG'!F15, 0) -> 0 | F16: =IF('NHẬT KÝ CHUNG'!E15=$B$4, 'NHẬT KÝ CHUNG'!F15, 0) -> 0
A17: =IF(OR('NHẬT KÝ CHUNG'!D16=$B$4, 'NHẬT KÝ CHUNG'!E16=$B$4), 'NHẬT KÝ CHUNG'!A16, "") | B17: =IF(OR('NHẬT KÝ CHUNG'!D16=$B$4, 'NHẬT KÝ CHUNG'!E16=$B$4), 'NHẬT KÝ CHUNG'!B16, "") | C17: =IF(OR('NHẬT KÝ CHUNG'!D16=$B$4, 'NHẬT KÝ CHUNG'!E16=$B$4), 'NHẬT KÝ CHUNG'!C16, "") | D17: =IF('NHẬT KÝ CHUNG'!D16=$B$4, 'NHẬT KÝ CHUNG'!E16, IF('NHẬT KÝ CHUNG'!E16=$B$4, 'NHẬT KÝ CHUNG'!D16, "")) | E17: =IF('NHẬT KÝ CHUNG'!D16=$B$4, 'NHẬT KÝ CHUNG'!F16, 0) -> 0 | F17: =IF('NHẬT KÝ CHUNG'!E16=$B$4, 'NHẬT KÝ CHUNG'!F16, 0) -> 0
A18: =IF(OR('NHẬT KÝ CHUNG'!D17=$B$4, 'NHẬT KÝ CHUNG'!E17=$B$4), 'NHẬT KÝ CHUNG'!A17, "") | B18: =IF(OR('NHẬT KÝ CHUNG'!D17=$B$4, 'NHẬT KÝ CHUNG'!E17=$B$4), 'NHẬT KÝ CHUNG'!B17, "") | C18: =IF(OR('NHẬT KÝ CHUNG'!D17=$B$4, 'NHẬT KÝ CHUNG'!E17=$B$4), 'NHẬT KÝ CHUNG'!C17, "") | D18: =IF('NHẬT KÝ CHUNG'!D17=$B$4, 'NHẬT KÝ CHUNG'!E17, IF('NHẬT KÝ CHUNG'!E17=$B$4, 'NHẬT KÝ CHUNG'!D17, "")) | E18: =IF('NHẬT KÝ CHUNG'!D17=$B$4, 'NHẬT KÝ CHUNG'!F17, 0) -> 0 | F18: =IF('NHẬT KÝ CHUNG'!E17=$B$4, 'NHẬT KÝ CHUNG'!F17, 0) -> 0
... A31: =IF(OR('NHẬT KÝ CHUNG'!D30=$B$4, 'NHẬT KÝ CHUNG'!E30=$B$4), 'NHẬT KÝ CHUNG'!A30, "") | B31: =IF(OR('NHẬT KÝ CHUNG'!D30=$B$4, 'NHẬT KÝ CHUNG'!E30=$B$4), 'NHẬT KÝ CHUNG'!B30, "") | C31: =IF(OR('NHẬT KÝ CHUNG'!D30=$B$4, 'NHẬT KÝ CHUNG'!E30=$B$4), 'NHẬT KÝ CHUNG'!C30, "") | D31: =IF('NHẬT KÝ CHUNG'!D30=$B$4, 'NHẬT KÝ CHUNG'!E30, IF('NHẬT KÝ CHUNG'!E30=$B$4, 'NHẬT KÝ CHUNG'!D30, "")) | E31: =IF('NHẬT KÝ CHUNG'!D30=$B$4, 'NHẬT KÝ CHUNG'!F30, 0) -> 0 | F31: =IF('NHẬT KÝ CHUNG'!E30=$B$4, 'NHẬT KÝ CHUNG'!F30, 0) -> 0
C32: TỔNG PHÁT SINH | E32: =SUM(E7:E31) -> 1000000000 | F32: =SUM(F7:F31) -> 4900000

Sheet BÁO CÁO
A2: BÁO CÁO TÀI CHÍNH & CÂN ĐỐI PHÁT SINH
A3: Tổng hợp tự động từ Sổ Nhật Ký Chung
A5: TỔNG DOANH THU (511) | D5: TỔNG CHI PHÍ (642+632) | G5: LỢI NHUẬN TẠM TÍNH
A6: =SUMIF('NHẬT KÝ CHUNG'!$E$6:$E$35, "511", 'NHẬT KÝ CHUNG'!$F$6:$F$35) -> 0 | D6: =SUMIF('NHẬT KÝ CHUNG'!$D$6:$D$35, "642", 'NHẬT KÝ CHUNG'!$F$6:$F$35) + SUMIF('NHẬT KÝ CHUNG'!$D$6:$D$35, "632", 'NHẬT KÝ CHUNG'!$F$6:$F$35) -> 4900000 | G6: =A6-D6 -> -4900000
A10: BẢNG CÂN ĐỐI PHÁT SINH TÀI KHOẢN
A12: Mã TK | B12: Tên Tài Khoản | C12: Phát Sinh Nợ | D12: Phát Sinh Có | E12: Dư Nợ / Dư Có
A13: 111 | B13: Tiền mặt | C13: =SUMIF('NHẬT KÝ CHUNG'!$D$6:$D$35, A13, 'NHẬT KÝ CHUNG'!$F$6:$F$35) -> 0 | D13: =SUMIF('NHẬT KÝ CHUNG'!$E$6:$E$35, A13, 'NHẬT KÝ CHUNG'!$F$6:$F$35) -> 0 | E13: =C13-D13 -> 0
A14: 112 | B14: Tiền gửi Ngân hàng | C14: =SUMIF('NHẬT KÝ CHUNG'!$D$6:$D$35, A14, 'NHẬT KÝ CHUNG'!$F$6:$F$35) -> 1000000000 | D14: =SUMIF('NHẬT KÝ CHUNG'!$E$6:$E$35, A14, 'NHẬT KÝ CHUNG'!$F$6:$F$35) -> 4900000 | E14: =C14-D14 -> 995100000
A15: 131 | B15: Phải thu của khách hàng | C15: =SUMIF('NHẬT KÝ CHUNG'!$D$6:$D$35, A15, 'NHẬT KÝ CHUNG'!$F$6:$F$35) -> 0 | D15: =SUMIF('NHẬT KÝ CHUNG'!$E$6:$E$35, A15, 'NHẬT KÝ CHUNG'!$F$6:$F$35) -> 0 | E15: =C15-D15 -> 0
A16: 152 | B16: Nguyên liệu, vật liệu | C16: =SUMIF('NHẬT KÝ CHUNG'!$D$6:$D$35, A16, 'NHẬT KÝ CHUNG'!$F$6:$F$35) -> 0 | D16: =SUMIF('NHẬT KÝ CHUNG'!$E$6:$E$35, A16, 'NHẬT KÝ CHUNG'!$F$6:$F$35) -> 0 | E16: =C16-D16 -> 0
A17: 156 | B17: Hàng hóa | C17: =SUMIF('NHẬT KÝ CHUNG'!$D$6:$D$35, A17, 'NHẬT KÝ CHUNG'!$F$6:$F$35) -> 0 | D17: =SUMIF('NHẬT KÝ CHUNG'!$E$6:$E$35, A17, 'NHẬT KÝ CHUNG'!$F$6:$F$35) -> 0 | E17: =C17-D17 -> 0
A18: 211 | B18: Tài sản cố định hữu hình | C18: =SUMIF('NHẬT KÝ CHUNG'!$D$6:$D$35, A18, 'NHẬT KÝ CHUNG'!$F$6:$F$35) -> 0 | D18: =SUMIF('NHẬT KÝ CHUNG'!$E$6:$E$35, A18, 'NHẬT KÝ CHUNG'!$F$6:$F$35) -> 0 | E18: =C18-D18 -> 0
A19: 331 | B19: Phải trả cho người bán | C19: =SUMIF('NHẬT KÝ CHUNG'!$D$6:$D$35, A19, 'NHẬT KÝ CHUNG'!$F$6:$F$35) -> 0 | D19: =SUMIF('NHẬT KÝ CHUNG'!$E$6:$E$35, A19, 'NHẬT KÝ CHUNG'!$F$6:$F$35) -> 0 | E19: =C19-D19 -> 0
A20: 333 | B20: Thuế và các khoản nộp Nhà nước | C20: =SUMIF('NHẬT KÝ CHUNG'!$D$6:$D$35, A20, 'NHẬT KÝ CHUNG'!$F$6:$F$35) -> 0 | D20: =SUMIF('NHẬT KÝ CHUNG'!$E$6:$E$35, A20, 'NHẬT KÝ CHUNG'!$F$6:$F$35) -> 0 | E20: =C20-D20 -> 0
A21: 411 | B21: Vốn đầu tư của chủ sở hữu | C21: =SUMIF('NHẬT KÝ CHUNG'!$D$6:$D$35, A21, 'NHẬT KÝ CHUNG'!$F$6:$F$35) -> 0 | D21: =SUMIF('NHẬT KÝ CHUNG'!$E$6:$E$35, A21, 'NHẬT KÝ CHUNG'!$F$6:$F$35) -> 1000000000 | E21: =C21-D21 -> -1000000000
A22: 511 | B22: Doanh thu bán hàng và cung cấp dịch vụ | C22: =SUMIF('NHẬT KÝ CHUNG'!$D$6:$D$35, A22, 'NHẬT KÝ CHUNG'!$F$6:$F$35) -> 0 | D22: =SUMIF('NHẬT KÝ CHUNG'!$E$6:$E$35, A22, 'NHẬT KÝ CHUNG'!$F$6:$F$35) -> 0 | E22: =C22-D22 -> 0
A23: 632 | B23: Giá vốn hàng bán | C23: =SUMIF('NHẬT KÝ CHUNG'!$D$6:$D$35, A23, 'NHẬT KÝ CHUNG'!$F$6:$F$35) -> 0 | D23: =SUMIF('NHẬT KÝ CHUNG'!$E$6:$E$35, A23, 'NHẬT KÝ CHUNG'!$F$6:$F$35) -> 0 | E23: =C23-D23 -> 0
A24: 642 | B24: Chi phí quản lý kinh doanh | C24: =SUMIF('NHẬT KÝ CHUNG'!$D$6:$D$35, A24, 'NHẬT KÝ CHUNG'!$F$6:$F$35) -> 4900000 | D24: =SUMIF('NHẬT KÝ CHUNG'!$E$6:$E$35, A24, 'NHẬT KÝ CHUNG'!$F$6:$F$35) -> 0 | E24: =C24-D24 -> 4900000
... A26: 911 | B26: Xác định kết quả kinh doanh | C26: =SUMIF('NHẬT KÝ CHUNG'!$D$6:$D$35, A26, 'NHẬT KÝ CHUNG'!$F$6:$F$35) -> 0 | D26: =SUMIF('NHẬT KÝ CHUNG'!$E$6:$E$35, A26, 'NHẬT KÝ CHUNG'!$F$6:$F$35) -> 0 | E26: =C26-D26 -> 0
B27: TỔNG CỘNG | C27: =SUM(C13:C26) -> 1004900000 | D27: =SUM(D13:D26) -> 1004900000 | E27: =SUM(E13:E26) -> 0
A29: KIỂM TRA CÂN ĐỐI: | C29: =IF(C27=D27, "CÂN ĐỐI (OK)", "LỆCH CÂN ĐỐI!") -> CÂN ĐỐI (OK)
